number,pdb,Mutation,delta_g,Hchain,Lchain,antigen_chain,source_delta_g,effect
1,1BJ1_1,V:F17A,-11.55,H,L,V,-11.55,0
2,1BJ1_2,V:Y21A,-11.55,H,L,V,-11.55,0
3,1BJ1_3,W:E93A,-10.73,H,L,W,-11.55,0.82
4,1BJ1_4,W:G88A,-8.79,H,L,W,-11.55,2.76
5,1BJ1_5,W:G92A,-7.86,H,L,W,-11.55,3.69
6,1BJ1_6,W:H86A,-11.55,H,L,W,-11.55,0
7,1BJ1_7,W:H90A,-11.55,H,L,W,-11.55,0
8,1BJ1_8,W:I80A,-10.73,H,L,W,-11.55,0.82
9,1BJ1_9,W:I83A,-7.86,H,L,W,-11.55,3.69
10,1BJ1_10,W:I91A,-11.14,H,L,W,-11.55,0.41
11,1BJ1_11,W:K48A,-11.14,H,L,W,-11.55,0.41
12,1BJ1_12,W:K84A,-10.9,H,L,W,-11.55,0.65
13,1BJ1_13,W:M81A,-7.86,H,L,W,-11.55,3.69
14,1BJ1_14,W:M94A,-10.13,H,L,W,-11.55,1.42
15,1BJ1_15,W:Q79A,-11.55,H,L,W,-11.55,0
16,1BJ1_16,W:Q87A,-11.55,H,L,W,-11.55,0
17,1BJ1_17,W:Q89A,-9.8,H,L,W,-11.55,1.75
18,1BJ1_18,W:R82A,-7.86,H,L,W,-11.55,3.69
19,1BJ1_19,W:Y45A,-10.73,H,L,W,-11.55,0.82
20,1CZ8_20,W:F17A,-14.12,H,L,W,-14.12,0
21,1CZ8_21,W:Y21A,-14.12,H,L,W,-14.12,0
22,1CZ8_22,W:E93A,-12.97,H,L,W,-14.12,1.15
23,1CZ8_23,W:G88A,-11.45,H,L,W,-14.12,2.67
24,1CZ8_24,W:G92A,-10.02,H,L,W,-14.12,4.1
25,1CZ8_25,W:H86A,-14.12,H,L,W,-14.12,0
26,1CZ8_26,W:H90A,-14.12,H,L,W,-14.12,0
27,1CZ8_27,W:I80A,-13.17,H,L,W,-14.12,0.95
28,1CZ8_28,W:I83A,-12.82,H,L,W,-14.12,1.3
29,1CZ8_29,W:I91A,-13.06,H,L,W,-14.12,1.06
30,1CZ8_30,W:K48A,-14.12,H,L,W,-14.12,0
31,1CZ8_31,W:K84A,-12.76,H,L,W,-14.12,1.36
32,1CZ8_32,W:M81A,-10.02,H,L,W,-14.12,4.1
33,1CZ8_33,W:M94A,-12.21,H,L,W,-14.12,1.91
34,1CZ8_34,W:Q79A,-13.47,H,L,W,-14.12,0.65
35,1CZ8_35,W:Q87A,-14.12,H,L,W,-14.12,0
36,1CZ8_36,W:Q89A,-13.06,H,L,W,-14.12,1.06
37,1CZ8_37,W:R82A,-13.3,H,L,W,-14.12,0.82
38,1CZ8_38,W:Y45A,-12.18,H,L,W,-14.12,1.94
39,1DQJ_39,"H:D32A,C:K97A",-8.95,H,L,C,-11.45,2.5
40,1DQJ_40,"H:W98A,C:K97A",-4.85,H,L,C,-11.45,6.6
41,1DQJ_41,"H:W98A,C:S100A",-6.15,H,L,C,-11.45,5.3
42,1DQJ_42,"H:W98A,C:Y20A",-6.35,H,L,C,-11.45,5.1
43,1DQJ_43,"H:Y53A,C:D101A",-8.75,H,L,C,-11.45,2.7
44,1DQJ_44,"H:Y53A,C:L75A",-10.25,H,L,C,-11.45,1.2
45,1DQJ_45,"H:Y53A,C:W62A",-10.15,H,L,C,-11.45,1.3
46,1DQJ_46,"H:Y53A,C:W63A",-9.25,H,L,C,-11.45,2.2
47,1DQJ_47,"L:N32A,C:K96A",-5.65,H,L,C,-11.45,5.8
48,1DQJ_48,"L:S91A,C:R21A",-8.25,H,L,C,-11.45,3.2
49,1DQJ_49,"L:S91A,C:Y20A",-7.85,H,L,C,-11.45,3.6
50,1DQJ_50,"L:Y96A,C:R21A",-7.95,H,L,C,-11.45,3.5
51,1DQJ_51,"L:Y96A,C:S100A",-10.55,H,L,C,-11.45,0.9
52,1DQJ_52,C:D101A,-10.15,H,L,C,-11.45,1.3
53,1DQJ_53,C:K96A,-5.35,H,L,C,-11.45,6.1
54,1DQJ_54,C:K97A,-7.95,H,L,C,-11.45,3.5
55,1DQJ_55,C:L75A,-9.95,H,L,C,-11.45,1.5
56,1DQJ_56,C:N93A,-10.85,H,L,C,-11.45,0.6
57,1DQJ_57,C:R21A,-10.15,H,L,C,-11.45,1.3
58,1DQJ_58,C:S100A,-10.65,H,L,C,-11.45,0.8
59,1DQJ_59,C:T89A,-10.65,H,L,C,-11.45,0.8
60,1DQJ_60,C:W62A,-10.65,H,L,C,-11.45,0.8
61,1DQJ_61,C:W63A,-10.15,H,L,C,-11.45,1.3
62,1DQJ_62,C:Y20A,-8.15,H,L,C,-11.45,3.3
63,1DQJ_63,H:D32A,-9.45,H,L,C,-11.45,2
64,1DQJ_64,H:W98A,-6.55,H,L,C,-11.45,4.9
65,1DQJ_65,H:Y33A,-5.95,H,L,C,-11.45,5.5
66,1DQJ_66,H:Y50A,-4.55,H,L,C,-11.45,6.9
67,1DQJ_67,H:Y53A,-10.25,H,L,C,-11.45,1.2
68,1DQJ_68,L:N31A,-9.45,H,L,C,-11.45,2
69,1DQJ_69,L:N32A,-7.35,H,L,C,-11.45,4.1
70,1DQJ_70,L:S91A,-10.05,H,L,C,-11.45,1.4
71,1DQJ_71,L:Y50A,-8.75,H,L,C,-11.45,2.7
72,1DQJ_72,L:Y96A,-10.35,H,L,C,-11.45,1.1
73,1JRH_73,"I:A59S,I:I61T,I:H65D",-10.64,H,L,I,-10.7,0.06
74,1JRH_74,"I:A95D,I:K98R,I:E100K",-10.76,H,L,I,-10.7,-0.06
75,1JRH_75,"I:I35N,I:P37S,I:V39T,I:V41I",-10.55,H,L,I,-10.7,0.15
76,1JRH_76,"I:M25L,I:I28V",-10.91,H,L,I,-10.7,-0.21
77,1JRH_77,"I:S71Y,I:D72E,I:H73Q,I:V74I,I:G75M,I:D76Y,I:S78D,I:N79V,I:L81A",-7.97,H,L,I,-10.7,2.73
78,1JRH_78,"I:T19L,I:E21K",-10.72,H,L,I,-10.7,-0.02
79,1JRH_79,"I:V83A,I:R88K",-10.91,H,L,I,-10.7,-0.21
80,1JRH_80,I:E45Q,-10.59,H,L,I,-10.7,0.11
81,1JRH_81,I:T14V,-10.72,H,L,I,-10.7,-0.02
82,1MHP_82,"H:K64E,L:S28Q",-11.85,H,L,A,-11,-0.85
83,1MHP_83,"H:K64E,L:S28Q,L:N52Y",-11.95,H,L,A,-11,-0.95
84,1MHP_84,"H:L60D,H:K64E",-11.14,H,L,A,-11,-0.14
85,1MHP_85,"H:L60D,H:K64Q",-10.96,H,L,A,-11,0.04
86,1MHP_86,"H:S35A,H:G102S",-9.42,H,L,A,-11,1.58
87,1MHP_87,"H:S35V,H:G102S",-9.57,H,L,A,-11,1.43
88,1MHP_88,"H:T33E,H:G53Q",-9.33,H,L,A,-11,1.67
89,1MHP_89,"H:T33I,H:S52T,H:G53N,H:G54N",-9.09,H,L,A,-11,1.91
90,1MHP_90,"H:T33I,H:S52T,H:G53Q,H:G54F",-9.74,H,L,A,-11,1.26
91,1MHP_91,"H:T50V,H:G102S",-9.33,H,L,A,-11,1.67
92,1MHP_92,"H:T50V,H:K64E",-11.36,H,L,A,-11,-0.36
93,1MHP_93,"H:T50V,H:K64E,L:S28Q,L:N52E",-12.24,H,L,A,-11,-1.24
94,1MHP_94,"H:T50V,H:K64E,L:S28Q,L:N52Y",-12.04,H,L,A,-11,-1.04
95,1MHP_95,"H:T50V,H:S35A",-8.92,H,L,A,-11,2.08
96,1MHP_96,"H:T50V,H:S35V",-8.27,H,L,A,-11,2.73
97,1MHP_97,"H:T50V,L:S28Q",-11.69,H,L,A,-11,-0.69
98,1MHP_98,"H:T50V,L:S28Q,L:N52Y",-12.2,H,L,A,-11,-1.2
99,1MHP_99,"L:N30Y,L:S91I",-10.57,H,L,A,-11,0.43
100,1MHP_100,"L:W90Q,L:F33Y",-10.13,H,L,A,-11,0.87
101,1MHP_101,H:F99W,-11,H,L,A,-11,0
102,1MHP_102,H:F99Y,-10.24,H,L,A,-11,0.76
103,1MHP_103,H:G100F,-10.43,H,L,A,-11,0.57
104,1MHP_104,H:G100L,-8.27,H,L,A,-11,2.73
105,1MHP_105,H:G100M,-10.9,H,L,A,-11,0.1
106,1MHP_106,H:G100S,-10.44,H,L,A,-11,0.56
107,1MHP_107,H:G53A,-10.49,H,L,A,-11,0.51
108,1MHP_108,H:G53N,-9.74,H,L,A,-11,1.26
109,1MHP_109,H:G53S,-10.32,H,L,A,-11,0.68
110,1MHP_110,H:G54I,-9.64,H,L,A,-11,1.36
111,1MHP_111,H:G54T,-9.83,H,L,A,-11,1.17
112,1MHP_112,H:G54Y,-11,H,L,A,-11,0
113,1MHP_113,H:K64D,-11.12,H,L,A,-11,-0.12
114,1MHP_114,H:K64E,-11.16,H,L,A,-11,-0.16
115,1MHP_115,H:K64N,-11.07,H,L,A,-11,-0.07
116,1MHP_116,H:K64Q,-11.16,H,L,A,-11,-0.16
117,1MHP_117,H:L60D,-11.12,H,L,A,-11,-0.12
118,1MHP_118,H:R31Q,-9.69,H,L,A,-11,1.31
119,1MHP_119,H:S35A,-9.42,H,L,A,-11,1.58
120,1MHP_120,H:S35Q,-8.27,H,L,A,-11,2.73
121,1MHP_121,H:S35V,-3,H,L,A,-11,8
122,1MHP_122,H:S52M,-8.92,H,L,A,-11,2.08
123,1MHP_123,H:S52T,-3,H,L,A,-11,8
124,1MHP_124,H:T33N,-8.27,H,L,A,-11,2.73
125,1MHP_125,H:T33Q,-3,H,L,A,-11,8
126,1MHP_126,H:T33V,-10.57,H,L,A,-11,0.43
127,1MHP_127,H:T50E,-3,H,L,A,-11,8
128,1MHP_128,H:T50Q,-3,H,L,A,-11,8
129,1MHP_129,H:T50V,-11.26,H,L,A,-11,-0.26
130,1MHP_130,H:Y58E,-8.92,H,L,A,-11,2.08
131,1MHP_131,H:Y58Q,-8.92,H,L,A,-11,2.08
132,1MHP_132,H:Y58W,-10.18,H,L,A,-11,0.82
133,1MHP_133,H:Y59E,-10.46,H,L,A,-11,0.54
134,1MHP_134,L:G92Q,-9.42,H,L,A,-11,1.58
135,1MHP_135,L:G92S,-10.49,H,L,A,-11,0.51
136,1MHP_136,L:H31K,-9.83,H,L,A,-11,1.17
137,1MHP_137,L:H31R,-9.88,H,L,A,-11,1.12
138,1MHP_138,L:H31W,-9.74,H,L,A,-11,1.26
139,1MHP_139,L:L49F,-10.29,H,L,A,-11,0.71
140,1MHP_140,L:L49K,-10.07,H,L,A,-11,0.93
141,1MHP_141,L:L49W,-9.09,H,L,A,-11,1.91
142,1MHP_142,L:L49Y,-3,H,L,A,-11,8
143,1MHP_143,L:N30K,-3,H,L,A,-11,8
144,1MHP_144,L:N30V,-9.95,H,L,A,-11,1.05
145,1MHP_145,L:N30W,-9.42,H,L,A,-11,1.58
146,1MHP_146,L:N30Y,-9.09,H,L,A,-11,1.91
147,1MHP_147,L:N52D,-10.5,H,L,A,-11,0.5
148,1MHP_148,L:N52E,-11.18,H,L,A,-11,-0.18
149,1MHP_149,L:N52K,-10.34,H,L,A,-11,0.66
150,1MHP_150,L:N52R,-10.15,H,L,A,-11,0.85
151,1MHP_151,L:N52Y,-11.1,H,L,A,-11,-0.1
152,1MHP_152,L:N93D,-3,H,L,A,-11,8
153,1MHP_153,L:S24R,-11.07,H,L,A,-11,-0.07
154,1MHP_154,L:S28Q,-11.67,H,L,A,-11,-0.67
155,1MHP_155,L:S91K,-3,H,L,A,-11,8
156,1MHP_156,L:S91Q,-9.22,H,L,A,-11,1.78
157,1MHP_157,L:S91R,-8.27,H,L,A,-11,2.73
158,1MHP_158,L:S91T,-8.68,H,L,A,-11,2.32
159,1MHP_159,L:S91W,-3,H,L,A,-11,8
160,1MHP_160,L:W90Q,-8.92,H,L,A,-11,2.08
161,1MLC_161,"H:S57V,H:T58D",-10.59,H,L,E,-9.6,-0.99
162,1MLC_162,"H:S57V,H:T58D,L:N32G,L:N92A",-11.34,H,L,E,-9.6,-1.74
163,1MLC_163,"H:S57V,H:T58D,L:N92A",-12,H,L,E,-9.6,-2.4
164,1MLC_164,"H:T28D,H:E35S,H:S57V,H:T58D,H:G99D,L:N92A",-12.55,H,L,E,-9.6,-2.95
165,1MLC_165,"H:T28D,H:E35S,H:S57V,H:T58D,L:N92A",-7.69,H,L,E,-9.6,1.91
166,1MLC_166,"H:T28D,H:S30G,H:S57V,H:T58D,L:N92A",-11.96,H,L,E,-9.6,-2.36
167,1MLC_167,"H:T28D,H:S57V,H:T58D,H:G99D,L:N92A",-9.8,H,L,E,-9.6,-0.2
168,1MLC_168,"H:T28D,H:S57V,H:T58D,H:R98M,H:D100Q,L:N92A",-10.01,H,L,E,-9.6,-0.41
169,1MLC_169,"H:T28D,H:S57V,H:T58D,H:Y59E,L:N92A",-11.07,H,L,E,-9.6,-1.47
170,1MLC_170,"H:T28D,H:S57V,H:T58D,L:N32L,L:N92A",-12.19,H,L,E,-9.6,-2.59
171,1MLC_171,"H:T28D,H:S57V,H:T58D,L:N92A",-12.34,H,L,E,-9.6,-2.74
172,1MLC_172,"H:T28D,H:S57V,H:T58D,L:S91N,L:N92A",-7.82,H,L,E,-9.6,1.78
173,1MLC_173,"H:T28D,H:S57V,H:T58D,L:S91N,L:N92A,L:S93A",-11.21,H,L,E,-9.6,-1.61
174,1MLC_174,"H:T28D,H:Y32R,H:S57V,H:T58D,H:R98S,L:N92A",-7.82,H,L,E,-9.6,1.78
175,1MLC_175,"H:T28D,H:Y32W,H:S57V,H:T58D,H:R98V,H:D100Q,L:N92A",-9.19,H,L,E,-9.6,0.41
176,1MLC_176,"L:N32G,L:N92A",-10.29,H,L,E,-9.6,-0.69
177,1MLC_177,H:K65D,-9.58,H,L,E,-9.6,0.02
178,1MLC_178,H:S57A,-9.98,H,L,E,-9.6,-0.38
179,1MLC_179,H:S57V,-10.09,H,L,E,-9.6,-0.49
180,1MLC_180,H:T28D,-9.75,H,L,E,-9.6,-0.15
181,1MLC_181,H:T31A,-9.15,H,L,E,-9.6,0.45
182,1MLC_182,H:T31V,-9.07,H,L,E,-9.6,0.53
183,1MLC_183,H:T31W,-9.47,H,L,E,-9.6,0.13
184,1MLC_184,H:T58D,-10.16,H,L,E,-9.6,-0.56
185,1MLC_185,L:N32G,-10.45,H,L,E,-9.6,-0.85
186,1MLC_186,L:N32Y,-9.6,H,L,E,-9.6,0
187,1MLC_187,L:N92A,-10.85,H,L,E,-9.6,-1.25
188,1T83_188,"A:A327D,B:A327D",-5.86,A,B,C,-8.18,2.32
189,1T83_189,"A:A327L,B:A327L",-6.4,A,B,C,-8.18,1.78
190,1T83_190,"A:A327N,B:A327N",-7.2,A,B,C,-8.18,0.98
191,1T83_191,"A:A327S,B:A327S",-7.31,A,B,C,-8.18,0.87
192,1T83_192,"A:A327T,B:A327T",-5.86,A,B,C,-8.18,2.32
193,1T83_193,"A:A330F,B:A330F",-7.88,A,B,C,-8.18,0.3
194,1T83_194,"A:A330H,B:A330H",-7.79,A,B,C,-8.18,0.39
195,1T83_195,"A:A330I,B:A330I",-8.5,A,B,C,-8.18,-0.32
196,1T83_196,"A:A330L,B:A330L",-7.99,A,B,C,-8.18,0.19
197,1T83_197,"A:A330L,B:A330L,A:I332E,B:I332E",-9.57,A,B,C,-8.18,-1.39
198,1T83_198,"A:A330R,B:A330R",-5.86,A,B,C,-8.18,2.32
199,1T83_199,"A:A330V,B:A330V",-7.68,A,B,C,-8.18,0.5
200,1T83_200,"A:A330Y,B:A330Y",-8.47,A,B,C,-8.18,-0.29
201,1T83_201,"A:A330Y,B:A330Y,A:I332E,B:I332E",-9.66,A,B,C,-8.18,-1.48
202,1T83_202,"A:D265F,B:D265F,A:N297E,B:N297E,A:I332E,B:I332E",-5.86,A,B,C,-8.18,2.32
203,1T83_203,"A:D265G,B:D265G",-5.86,A,B,C,-8.18,2.32
204,1T83_204,"A:D265N,B:D265N",-5.86,A,B,C,-8.18,2.32
205,1T83_205,"A:D265Y,B:D265Y,A:N297D,B:N297D,A:I332E,B:I332E",-5.86,A,B,C,-8.18,2.32
206,1T83_206,"A:D265Y,B:D265Y,A:N297D,B:N297D,A:T299L,B:T299L,A:I332E,B:I332E",-5.86,A,B,C,-8.18,2.32
207,1T83_207,"A:D270H,B:D270H",-5.86,A,B,C,-8.18,2.32
208,1T83_208,"A:D270Q,B:D270Q",-5.86,A,B,C,-8.18,2.32
209,1T83_209,"A:D270T,B:D270T",-5.86,A,B,C,-8.18,2.32
210,1T83_210,"A:E269F,B:E269F",-7.09,A,B,C,-8.18,1.09
211,1T83_211,"A:E269H,B:E269H",-5.86,A,B,C,-8.18,2.32
212,1T83_212,"A:E269L,B:E269L",-5.86,A,B,C,-8.18,2.32
213,1T83_213,"A:E269N,B:E269N",-5.86,A,B,C,-8.18,2.32
214,1T83_214,"A:E269R,B:E269R",-6.4,A,B,C,-8.18,1.78
215,1T83_215,"A:E269T,B:E269T",-5.86,A,B,C,-8.18,2.32
216,1T83_216,"A:E269Y,B:E269Y",-6.92,A,B,C,-8.18,1.26
217,1T83_217,"A:E272Y,B:E272Y",-9.46,A,B,C,-8.18,-1.28
218,1T83_218,"A:E283R,B:E283R",-7.94,A,B,C,-8.18,0.24
219,1T83_219,"A:E318R,B:E318R",-8.22,A,B,C,-8.18,-0.04
220,1T83_220,"A:E333H,B:E333H",-8.01,A,B,C,-8.18,0.17
221,1T83_221,"A:E333T,B:E333T",-8.03,A,B,C,-8.18,0.15
222,1T83_222,"A:F241E,B:F241E,A:F243Q,B:F243Q,A:V262T,B:V262T,A:V264E,B:V264E",-6.6,A,B,C,-8.18,1.58
223,1T83_223,"A:F241E,B:F241E,A:F243R,B:F243R,A:V262E,B:V262E,A:V264R,B:V264R",-6.4,A,B,C,-8.18,1.78
224,1T83_224,"A:F241E,B:F241E,A:F243R,B:F243R,A:V262E,B:V262E,A:V264R,B:V264R,A:I332E,B:I332E",-7.2,A,B,C,-8.18,0.98
225,1T83_225,"A:F241E,B:F241E,A:F243Y,B:F243Y,A:V262T,B:V262T,A:V264R,B:V264R",-6.4,A,B,C,-8.18,1.78
226,1T83_226,"A:F241E,B:F241E,A:F243Y,B:F243Y,A:V262T,B:V262T,A:V264R,B:V264R,A:I332E,B:I332E",-6.82,A,B,C,-8.18,1.36
227,1T83_227,"A:F241L,B:F241L",-7.38,A,B,C,-8.18,0.8
228,1T83_228,"A:F241L,B:F241L,A:F243L,B:F243L,A:V262I,B:V262I,A:V264I,B:V264I",-6.75,A,B,C,-8.18,1.43
229,1T83_229,"A:F241R,B:F241R,A:F243Q,B:F243Q,A:V262T,B:V262T,A:V264R,B:V264R",-5.86,A,B,C,-8.18,2.32
230,1T83_230,"A:F241W,B:F241W",-7.45,A,B,C,-8.18,0.73
231,1T83_231,"A:F241W,B:F241W,A:F243W,B:F243W",-6.6,A,B,C,-8.18,1.58
232,1T83_232,"A:F241W,B:F241W,A:F243W,B:F243W,A:V262A,B:V262A,A:V264A,B:V264A",-6.27,A,B,C,-8.18,1.91
233,1T83_233,"A:F241Y,B:F241Y,A:F243Y,B:F243Y,A:V262T,B:V262T,A:V264T,B:V264T",-6.4,A,B,C,-8.18,1.78
234,1T83_234,"A:F241Y,B:F241Y,A:F243Y,B:F243Y,A:V262T,B:V262T,A:V264T,B:V264T,A:N297D,B:N297D,A:I332E,B:I332E",-7.06,A,B,C,-8.18,1.12
235,1T83_235,"A:F243L,B:F243L",-7.78,A,B,C,-8.18,0.4
236,1T83_236,"A:F243L,B:F243L,A:V262I,B:V262I,A:V264W,B:V264W",-5.86,A,B,C,-8.18,2.32
237,1T83_237,"A:F243L,B:F243L,A:V264I,B:V264I",-8.3,A,B,C,-8.18,-0.12
238,1T83_238,"A:F243W,B:F243W",-7.78,A,B,C,-8.18,0.4
239,1T83_239,"A:F275W,B:F275W",-8.24,A,B,C,-8.18,-0.06
240,1T83_240,"A:I332A,B:I332A",-8.11,A,B,C,-8.18,0.07
241,1T83_241,"A:I332D,B:I332D",-9.89,A,B,C,-8.18,-1.71
242,1T83_242,"A:I332E,B:I332E",-9.31,A,B,C,-8.18,-1.13
243,1T83_243,"A:I332H,B:I332H",-7.72,A,B,C,-8.18,0.46
244,1T83_244,"A:I332N,B:I332N",-7.62,A,B,C,-8.18,0.56
245,1T83_245,"A:I332Q,B:I332Q",-7.59,A,B,C,-8.18,0.59
246,1T83_246,"A:I332T,B:I332T",-7.98,A,B,C,-8.18,0.2
247,1T83_247,"A:I332Y,B:I332Y",-8.02,A,B,C,-8.18,0.16
248,1T83_248,"A:K274E,B:K274E",-9.25,A,B,C,-8.18,-1.07
249,1T83_249,"A:K274L,B:K274L",-8.23,A,B,C,-8.18,-0.05
250,1T83_250,"A:K274R,B:K274R",-8.38,A,B,C,-8.18,-0.2
251,1T83_251,"A:K274T,B:K274T",-8.38,A,B,C,-8.18,-0.2
252,1T83_252,"A:K274Y,B:K274Y",-8.22,A,B,C,-8.18,-0.04
253,1T83_253,"A:K326E,B:K326E",-8.98,A,B,C,-8.18,-0.8
254,1T83_254,"A:K326I,B:K326I",-8.39,A,B,C,-8.18,-0.21
255,1T83_255,"A:K326T,B:K326T",-8.55,A,B,C,-8.18,-0.37
256,1T83_256,"A:L235D,B:L235D",-8.48,A,B,C,-8.18,-0.3
257,1T83_257,"A:L235F,B:L235F",-7.99,A,B,C,-8.18,0.19
258,1T83_258,"A:L235H,B:L235H",-7.65,A,B,C,-8.18,0.53
259,1T83_259,"A:L235I,B:L235I",-8.24,A,B,C,-8.18,-0.06
260,1T83_260,"A:L235N,B:L235N",-7.64,A,B,C,-8.18,0.54
261,1T83_261,"A:L235Q,B:L235Q",-7.78,A,B,C,-8.18,0.4
262,1T83_262,"A:L235S,B:L235S",-8.31,A,B,C,-8.18,-0.13
263,1T83_263,"A:L235T,B:L235T",-7.79,A,B,C,-8.18,0.39
264,1T83_264,"A:L235V,B:L235V",-7.75,A,B,C,-8.18,0.43
265,1T83_265,"A:L235Y,B:L235Y",-8.28,A,B,C,-8.18,-0.1
266,1T83_266,"A:L328A,B:L328A",-7.23,A,B,C,-8.18,0.95
267,1T83_267,"A:L328D,B:L328D,A:I332E,B:I332E",-8.35,A,B,C,-8.18,-0.17
268,1T83_268,"A:L328E,B:L328E",-6.92,A,B,C,-8.18,1.26
269,1T83_269,"A:L328E,B:L328E,A:I332E,B:I332E",-7.23,A,B,C,-8.18,0.95
270,1T83_270,"A:L328F,B:L328F",-7.33,A,B,C,-8.18,0.85
271,1T83_271,"A:L328H,B:L328H",-5.86,A,B,C,-8.18,2.32
272,1T83_272,"A:L328H,B:L328H,A:I332E,B:I332E",-5.86,A,B,C,-8.18,2.32
273,1T83_273,"A:L328I,B:L328I,A:I332E,B:I332E",-8.92,A,B,C,-8.18,-0.74
274,1T83_274,"A:L328I,B:L328I,A:I332E,B:I332E",-9.34,A,B,C,-8.18,-1.16
275,1T83_275,"A:L328M,B:L328M",-7.25,A,B,C,-8.18,0.93
276,1T83_276,"A:L328M,B:L328M,A:I332E,B:I332E",-8.75,A,B,C,-8.18,-0.57
277,1T83_277,"A:L328N,B:L328N",-7.87,A,B,C,-8.18,0.31
278,1T83_278,"A:L328N,B:L328N,A:I332E,B:I332E",-5.86,A,B,C,-8.18,2.32
279,1T83_279,"A:L328Q,B:L328Q,A:I332E,B:I332E",-8.44,A,B,C,-8.18,-0.26
280,1T83_280,"A:L328Q,B:L328Q,A:I332E,B:I332E",-7.97,A,B,C,-8.18,0.21
281,1T83_281,"A:L328T,B:L328T,A:I332E,B:I332E",-8.24,A,B,C,-8.18,-0.06
282,1T83_282,"A:L328V,B:L328V,A:I332E,B:I332E",-8.61,A,B,C,-8.18,-0.43
283,1T83_283,"A:N276E,B:N276E",-8.1,A,B,C,-8.18,0.08
284,1T83_284,"A:N276L,B:N276L",-8.22,A,B,C,-8.18,-0.04
285,1T83_285,"A:N276R,B:N276R",-7.93,A,B,C,-8.18,0.25
286,1T83_286,"A:N276S,B:N276S",-7.65,A,B,C,-8.18,0.53
287,1T83_287,"A:N276Y,B:N276Y",-7.84,A,B,C,-8.18,0.34
288,1T83_288,"A:N297D,B:N297D",-5.86,A,B,C,-8.18,2.32
289,1T83_289,"A:N297D,B:N297D,A:A330Y,B:A330Y,A:I332E,B:I332E",-7.68,A,B,C,-8.18,0.5
290,1T83_290,"A:N297D,B:N297D,A:I332E,B:I332E",-6.68,A,B,C,-8.18,1.5
291,1T83_291,"A:N297D,B:N297D,A:S298A,B:S298A,A:A330Y,B:A330Y,A:I332E,B:I332E",-7.09,A,B,C,-8.18,1.09
292,1T83_292,"A:N297D,B:N297D,A:T299E,B:T299E,A:I332E,B:I332E",-5.86,A,B,C,-8.18,2.32
293,1T83_293,"A:N297D,B:N297D,A:T299F,B:T299F,A:I332E,B:I332E",-5.86,A,B,C,-8.18,2.32
294,1T83_294,"A:N297D,B:N297D,A:T299H,B:T299H,A:I332E,B:I332E",-5.86,A,B,C,-8.18,2.32
295,1T83_295,"A:N297D,B:N297D,A:T299I,B:T299I,A:I332E,B:I332E",-5.86,A,B,C,-8.18,2.32
296,1T83_296,"A:N297D,B:N297D,A:T299L,B:T299L,A:I332E,B:I332E",-5.86,A,B,C,-8.18,2.32
297,1T83_297,"A:N297D,B:N297D,A:T299V,B:T299V,A:I332E,B:I332E",-5.86,A,B,C,-8.18,2.32
298,1T83_298,"A:N297E,B:N297E,A:I332E,B:I332E",-5.86,A,B,C,-8.18,2.32
299,1T83_299,"A:N297S,B:N297S",-5.86,A,B,C,-8.18,2.32
300,1T83_300,"A:N297S,B:N297S,A:I332E,B:I332E",-5.86,A,B,C,-8.18,2.32
301,1T83_301,"A:N325A,B:N325A",-6.87,A,B,C,-8.18,1.31
302,1T83_302,"A:N325D,B:N325D",-7.65,A,B,C,-8.18,0.53
303,1T83_303,"A:N325E,B:N325E",-5.86,A,B,C,-8.18,2.32
304,1T83_304,"A:N325H,B:N325H",-7.99,A,B,C,-8.18,0.19
305,1T83_305,"A:N325I,B:N325I",-5.86,A,B,C,-8.18,2.32
306,1T83_306,"A:N325L,B:N325L",-5.86,A,B,C,-8.18,2.32
307,1T83_307,"A:N325Q,B:N325Q",-5.86,A,B,C,-8.18,2.32
308,1T83_308,"A:N325T,B:N325T",-8.24,A,B,C,-8.18,-0.06
309,1T83_309,"A:N325V,B:N325V",-7.75,A,B,C,-8.18,0.43
310,1T83_310,"A:P244H,B:P244H",-8.07,A,B,C,-8.18,0.11
311,1T83_311,"A:P244H,B:P244H,A:P245A,B:P245A,A:P247V,B:P247V",-8.14,A,B,C,-8.18,0.04
312,1T83_312,"A:P245A,B:P245A",-7.36,A,B,C,-8.18,0.82
313,1T83_313,"A:P247G,B:P247G",-7.82,A,B,C,-8.18,0.36
314,1T83_314,"A:P247V,B:P247V",-7.8,A,B,C,-8.18,0.38
315,1T83_315,"A:P329F,B:P329F",-5.86,A,B,C,-8.18,2.32
316,1T83_316,"A:S239D,B:S239D",-9.64,A,B,C,-8.18,-1.46
317,1T83_317,"A:S239D,B:S239D,A:A330L,B:A330L,A:I332E,B:I332E",-11.1,A,B,C,-8.18,-2.92
318,1T83_318,"A:S239D,B:S239D,A:A330Y,B:A330Y,A:I332E,B:I332E",-11.06,A,B,C,-8.18,-2.88
319,1T83_319,"A:S239D,B:S239D,A:A330Y,B:A330Y,A:I332E,B:I332E,A:K326E,B:K326E",-10.65,A,B,C,-8.18,-2.47
320,1T83_320,"A:S239D,B:S239D,A:A330Y,B:A330Y,A:I332E,B:I332E,A:K326T,B:K326T",-10.6,A,B,C,-8.18,-2.42
321,1T83_321,"A:S239D,B:S239D,A:A330Y,B:A330Y,A:I332E,B:I332E,A:L235D,B:L235D",-9.34,A,B,C,-8.18,-1.16
322,1T83_322,"A:S239D,B:S239D,A:A330Y,B:A330Y,A:I332E,B:I332E,A:V240I,B:V240I",-10.16,A,B,C,-8.18,-1.98
323,1T83_323,"A:S239D,B:S239D,A:A330Y,B:A330Y,A:I332E,B:I332E,A:V264T,B:V264T",-9.89,A,B,C,-8.18,-1.71
324,1T83_324,"A:S239D,B:S239D,A:D265F,B:D265F,A:N297D,B:N297D,A:I332E,B:I332E",-5.86,A,B,C,-8.18,2.32
325,1T83_325,"A:S239D,B:S239D,A:D265H,B:D265H,A:N297D,B:N297D,A:I332E,B:I332E",-6.27,A,B,C,-8.18,1.91
326,1T83_326,"A:S239D,B:S239D,A:D265I,B:D265I,A:N297D,B:N297D,A:I332E,B:I332E",-5.45,A,B,C,-8.18,2.73
327,1T83_327,"A:S239D,B:S239D,A:D265L,B:D265L,A:N297D,B:N297D,A:I332E,B:I332E",-5.86,A,B,C,-8.18,2.32
328,1T83_328,"A:S239D,B:S239D,A:D265T,B:D265T,A:N297D,B:N297D,A:I332E,B:I332E",-5.86,A,B,C,-8.18,2.32
329,1T83_329,"A:S239D,B:S239D,A:D265V,B:D265V,A:N297D,B:N297D,A:I332E,B:I332E",-6.1,A,B,C,-8.18,2.08
330,1T83_330,"A:S239D,B:S239D,A:D265Y,B:D265Y,A:N297D,B:N297D,A:I332E,B:I332E",-5.86,A,B,C,-8.18,2.32
331,1T83_331,"A:S239D,B:S239D,A:I332D,B:I332D",-9.75,A,B,C,-8.18,-1.57
332,1T83_332,"A:S239D,B:S239D,A:I332E,B:I332E",-10.57,A,B,C,-8.18,-2.39
333,1T83_333,"A:S239D,B:S239D,A:I332E,B:I332E,A:A330I,B:A330I",-10.6,A,B,C,-8.18,-2.42
334,1T83_334,"A:S239D,B:S239D,A:I332N,B:I332N",-9.35,A,B,C,-8.18,-1.17
335,1T83_335,"A:S239D,B:S239D,A:I332Q,B:I332Q",-9.5,A,B,C,-8.18,-1.32
336,1T83_336,"A:S239D,B:S239D,A:N297D,B:N297D,A:I332E,B:I332E",-7.42,A,B,C,-8.18,0.76
337,1T83_337,"A:S239D,B:S239D,A:N297D,B:N297D,A:I332E,B:I332E,A:A330Y,B:A330Y",-5.86,A,B,C,-8.18,2.32
338,1T83_338,"A:S239D,B:S239D,A:N297D,B:N297D,A:I332E,B:I332E,A:A330Y,B:A330Y,A:F241S,B:F241S,A:F243H,B:F243H,A:V262T,B:V262T,A:V264T,B:V264T",-5.86,A,B,C,-8.18,2.32
339,1T83_339,"A:S239D,B:S239D,A:S298A,B:S298A,A:I332E,B:I332E",-11.55,A,B,C,-8.18,-3.37
340,1T83_340,"A:S239D,B:S239D,A:V264I,B:V264I,A:I332E,B:I332E",-10.31,A,B,C,-8.18,-2.13
341,1T83_341,"A:S239E,B:S239E",-9.56,A,B,C,-8.18,-1.38
342,1T83_342,"A:S239E,B:S239E,A:D265G,B:D265G",-5.86,A,B,C,-8.18,2.32
343,1T83_343,"A:S239E,B:S239E,A:D265N,B:D265N",-5.86,A,B,C,-8.18,2.32
344,1T83_344,"A:S239E,B:S239E,A:D265Q,B:D265Q",-6.4,A,B,C,-8.18,1.78
345,1T83_345,"A:S239E,B:S239E,A:I332D,B:I332D",-9.5,A,B,C,-8.18,-1.32
346,1T83_346,"A:S239E,B:S239E,A:I332E,B:I332E",-9.22,A,B,C,-8.18,-1.04
347,1T83_347,"A:S239E,B:S239E,A:I332N,B:I332N",-9.65,A,B,C,-8.18,-1.47
348,1T83_348,"A:S239E,B:S239E,A:I332Q,B:I332Q",-8.97,A,B,C,-8.18,-0.79
349,1T83_349,"A:S239E,B:S239E,A:N297D,B:N297D,A:I332E,B:I332E",-6.51,A,B,C,-8.18,1.67
350,1T83_350,"A:S239E,B:S239E,A:V264I,B:V264I,A:A330Y,B:A330Y,A:I332E,B:I332E",-9.45,A,B,C,-8.18,-1.27
351,1T83_351,"A:S239E,B:S239E,A:V264I,B:V264I,A:I332E,B:I332E",-9.8,A,B,C,-8.18,-1.62
352,1T83_352,"A:S239F,B:S239F",-7.28,A,B,C,-8.18,0.9
353,1T83_353,"A:S239H,B:S239H",-7.23,A,B,C,-8.18,0.95
354,1T83_354,"A:S239N,B:S239N",-5.86,A,B,C,-8.18,2.32
355,1T83_355,"A:S239N,B:S239N,A:A330L,B:A330L,A:I332E,B:I332E",-9.7,A,B,C,-8.18,-1.52
356,1T83_356,"A:S239N,B:S239N,A:A330Y,B:A330Y,A:I332E,B:I332E",-9.75,A,B,C,-8.18,-1.57
357,1T83_357,"A:S239N,B:S239N,A:I332D,B:I332D",-8.85,A,B,C,-8.18,-0.67
358,1T83_358,"A:S239N,B:S239N,A:I332E,B:I332E",-9.75,A,B,C,-8.18,-1.57
359,1T83_359,"A:S239N,B:S239N,A:I332N,B:I332N",-7.68,A,B,C,-8.18,0.5
360,1T83_360,"A:S239N,B:S239N,A:I332Q,B:I332Q",-7.84,A,B,C,-8.18,0.34
361,1T83_361,"A:S239N,B:S239N,A:S298A,B:S298A,A:I332E,B:I332E",-10.24,A,B,C,-8.18,-2.06
362,1T83_362,"A:S239Q,B:S239Q,A:I332D,B:I332D",-9.14,A,B,C,-8.18,-0.96
363,1T83_363,"A:S239Q,B:S239Q,A:I332E,B:I332E",-9.3,A,B,C,-8.18,-1.12
364,1T83_364,"A:S239Q,B:S239Q,A:I332N,B:I332N",-7.62,A,B,C,-8.18,0.56
365,1T83_365,"A:S239Q,B:S239Q,A:I332Q,B:I332Q",-7.87,A,B,C,-8.18,0.31
366,1T83_366,"A:S239Q,B:S239Q,A:V264I,B:V264I,A:I332E,B:I332E",-8.63,A,B,C,-8.18,-0.45
367,1T83_367,"A:S239T,B:S239T",-8.35,A,B,C,-8.18,-0.17
368,1T83_368,"A:S239Y,B:S239Y",-7.25,A,B,C,-8.18,0.93
369,1T83_369,"A:S267L,B:S267L,A:A327S,B:A327S",-5.86,A,B,C,-8.18,2.32
370,1T83_370,"A:S267Q,B:S267Q,A:A327S,B:A327S",-6.1,A,B,C,-8.18,2.08
371,1T83_371,"A:S298A,B:S298A",-8.65,A,B,C,-8.18,-0.47
372,1T83_372,"A:S298A,B:S298A,A:E333A,B:E333A,A:K334A,B:K334A",-8.74,A,B,C,-8.18,-0.56
373,1T83_373,"A:S298A,B:S298A,A:I332E,B:I332E",-10.01,A,B,C,-8.18,-1.83
374,1T83_374,"A:S298H,B:S298H",-7.4,A,B,C,-8.18,0.78
375,1T83_375,"A:S298N,B:S298N",-7.65,A,B,C,-8.18,0.53
376,1T83_376,"A:S298T,B:S298T",-8.14,A,B,C,-8.18,0.04
377,1T83_377,"A:S324D,B:S324D",-8.22,A,B,C,-8.18,-0.04
378,1T83_378,"A:S324I,B:S324I",-8.26,A,B,C,-8.18,-0.08
379,1T83_379,"A:S324L,B:S324L",-5.86,A,B,C,-8.18,2.32
380,1T83_380,"A:S324R,B:S324R",-7.98,A,B,C,-8.18,0.2
381,1T83_381,"A:S324V,B:S324V",-8.27,A,B,C,-8.18,-0.09
382,1T83_382,"A:S324Y,B:S324Y",-8.17,A,B,C,-8.18,0.01
383,1T83_383,"A:T299A,B:T299A",-6.1,A,B,C,-8.18,2.08
384,1T83_384,"A:T299H,B:T299H",-5.86,A,B,C,-8.18,2.32
385,1T83_385,"A:T299I,B:T299I",-5.86,A,B,C,-8.18,2.32
386,1T83_386,"A:T299S,B:T299S",-7.06,A,B,C,-8.18,1.12
387,1T83_387,"A:T299V,B:T299V",-5.86,A,B,C,-8.18,2.32
388,1T83_388,"A:T335D,B:T335D",-8.79,A,B,C,-8.18,-0.61
389,1T83_389,"A:T335R,B:T335R",-8.74,A,B,C,-8.18,-0.56
390,1T83_390,"A:T335Y,B:T335Y",-8.44,A,B,C,-8.18,-0.26
391,1T83_391,"A:V240A,B:V240A",-7.97,A,B,C,-8.18,0.21
392,1T83_392,"A:V240I,B:V240I",-8.88,A,B,C,-8.18,-0.7
393,1T83_393,"A:V240I,B:V240I,A:V266I,B:V266I",-8.5,A,B,C,-8.18,-0.32
394,1T83_394,"A:V240M,B:V240M",-8.61,A,B,C,-8.18,-0.43
395,1T83_395,"A:V263I,B:V263I",-6.82,A,B,C,-8.18,1.36
396,1T83_396,"A:V263M,B:V263M",-6.4,A,B,C,-8.18,1.78
397,1T83_397,"A:V263T,B:V263T",-7.68,A,B,C,-8.18,0.5
398,1T83_398,"A:V264A,B:V264A",-7.8,A,B,C,-8.18,0.38
399,1T83_399,"A:V264E,B:V264E,A:N297D,B:N297D,A:I332E,B:I332E",-6.4,A,B,C,-8.18,1.78
400,1T83_400,"A:V264F,B:V264F",-7.09,A,B,C,-8.18,1.09
401,1T83_401,"A:V264I,B:V264I",-8.39,A,B,C,-8.18,-0.21
402,1T83_402,"A:V264I,B:V264I,A:A330L,B:A330L,A:I332E,B:I332E",-9.61,A,B,C,-8.18,-1.43
403,1T83_403,"A:V264I,B:V264I,A:A330Y,B:A330Y,A:I332E,B:I332E",-9.65,A,B,C,-8.18,-1.47
404,1T83_404,"A:V264I,B:V264I,A:I332E,B:I332E",-9.68,A,B,C,-8.18,-1.5
405,1T83_405,"A:V264I,B:V264I,A:S298A,B:S298A,A:I332E,B:I332E",-9.84,A,B,C,-8.18,-1.66
406,1T83_406,"A:V264L,B:V264L",-7.84,A,B,C,-8.18,0.34
407,1T83_407,"A:V264M,B:V264M",-7.38,A,B,C,-8.18,0.8
408,1T83_408,"A:V264T,B:V264T",-8.78,A,B,C,-8.18,-0.6
409,1T83_409,"A:V264Y,B:V264Y",-8.19,A,B,C,-8.18,-0.01
410,1T83_410,"A:V266A,B:V266A",-5.86,A,B,C,-8.18,2.32
411,1T83_411,"A:V266I,B:V266I",-8.55,A,B,C,-8.18,-0.37
412,1T83_412,"A:V266M,B:V266M",-7.9,A,B,C,-8.18,0.28
413,1T83_413,"A:V266T,B:V266T",-7.71,A,B,C,-8.18,0.47
414,1T83_414,"A:V273I,B:V273I",-8.04,A,B,C,-8.18,0.14
415,1T83_415,"A:V302I,B:V302I",-8.19,A,B,C,-8.18,-0.01
416,1T83_416,"A:V323I,B:V323I",-8.07,A,B,C,-8.18,0.11
417,1T83_417,"A:W313F,B:W313F",-8.1,A,B,C,-8.18,0.08
418,1T83_418,"A:Y278E,B:Y278E",-8.12,A,B,C,-8.18,0.06
419,1T83_419,"A:Y278T,B:Y278T",-8.55,A,B,C,-8.18,-0.37
420,1T83_420,"A:Y278W,B:Y278W",-7.65,A,B,C,-8.18,0.53
421,1T83_421,"A:Y296D,B:Y296D",-7.9,A,B,C,-8.18,0.28
422,1T83_422,"A:Y296E,B:Y296E",-7.99,A,B,C,-8.18,0.19
423,1T83_423,"A:Y296E,B:Y296E,A:N297D,B:N297D,A:I332E,B:I332E",-5.86,A,B,C,-8.18,2.32
424,1T83_424,"A:Y296H,B:Y296H,A:N297D,B:N297D,A:I332E,B:I332E",-5.86,A,B,C,-8.18,2.32
425,1T83_425,"A:Y296I,B:Y296I",-6.75,A,B,C,-8.18,1.43
426,1T83_426,"A:Y296L,B:Y296L",-7.28,A,B,C,-8.18,0.9
427,1T83_427,"A:Y296N,B:Y296N",-7.45,A,B,C,-8.18,0.73
428,1T83_428,"A:Y296N,B:Y296N,A:N297D,B:N297D,A:I332E,B:I332E",-6.27,A,B,C,-8.18,1.91
429,1T83_429,"A:Y296Q,B:Y296Q",-7.79,A,B,C,-8.18,0.39
430,1T83_430,"A:Y296Q,B:Y296Q,A:N297D,B:N297D,A:I332E,B:I332E",-5.86,A,B,C,-8.18,2.32
431,1T83_431,"A:Y296S,B:Y296S",-6.92,A,B,C,-8.18,1.26
432,1T83_432,"A:Y296T,B:Y296T",-5.86,A,B,C,-8.18,2.32
433,1T83_433,"A:Y296T,B:Y296T,A:N297D,B:N297D,A:I332E,B:I332E",-5.86,A,B,C,-8.18,2.32
434,1VFB_434,"H:D100A,C:S24A",-8.07,H,L,C,-11.47,3.4
435,1VFB_435,"H:D54A,C:T118A",-10.27,H,L,C,-11.47,1.2
436,1VFB_436,"H:W52A,C:D119A",-9.27,H,L,C,-11.47,2.2
437,1VFB_437,"H:Y101F,C:D119A",-8.77,H,L,C,-11.47,2.7
438,1VFB_438,"H:Y101F,C:V120A",-8.97,H,L,C,-11.47,2.5
439,1VFB_439,"H:Y32A,C:K116A",-9.87,H,L,C,-11.47,1.6
440,1VFB_440,"L:W92A,C:I124A",-7.67,H,L,C,-11.47,3.8
441,1VFB_441,"L:W92A,C:L129A",-8.17,H,L,C,-11.47,3.3
442,1VFB_442,"L:W92A,C:Q121A",-7.97,H,L,C,-11.47,3.5
443,1VFB_443,"L:W92A,C:R125A",-8.07,H,L,C,-11.47,3.4
444,1VFB_444,"L:Y32A,C:I124A",-8.57,H,L,C,-11.47,2.9
445,1VFB_445,"L:Y32A,C:Q121A",-8.87,H,L,C,-11.47,2.6
446,1VFB_446,"L:Y50A,C:D119A",-10.27,H,L,C,-11.47,1.2
447,1VFB_447,"L:Y50A,C:D18A",-10.17,H,L,C,-11.47,1.3
448,1VFB_448,C:D119A,-10.47,H,L,C,-11.47,1
449,1VFB_449,C:D18A,-11.17,H,L,C,-11.47,0.3
450,1VFB_450,C:I124A,-10.27,H,L,C,-11.47,1.2
451,1VFB_451,C:K116A,-10.77,H,L,C,-11.47,0.7
452,1VFB_452,C:L129A,-11.27,H,L,C,-11.47,0.2
453,1VFB_453,C:N19A,-11.17,H,L,C,-11.47,0.3
454,1VFB_454,C:Q121A,-8.57,H,L,C,-11.47,2.9
455,1VFB_455,C:R125A,-9.67,H,L,C,-11.47,1.8
456,1VFB_456,C:S24A,-10.67,H,L,C,-11.47,0.8
457,1VFB_457,C:T118A,-10.67,H,L,C,-11.47,0.8
458,1VFB_458,C:V120A,-10.57,H,L,C,-11.47,0.9
459,1VFB_459,C:Y23A,-11.07,H,L,C,-11.47,0.4
460,1VFB_460,H:D100A,-8.57,H,L,C,-11.47,2.9
461,1VFB_461,H:D54A,-10.47,H,L,C,-11.47,1
462,1VFB_462,H:D58E,-11.39,H,L,C,-11.47,0.08
463,1VFB_463,H:D58N,-11.6,H,L,C,-11.47,-0.13
464,1VFB_464,H:G31A,-11.17,H,L,C,-11.47,0.3
465,1VFB_465,H:G31E,-11.98,H,L,C,-11.47,-0.51
466,1VFB_466,H:G31W,-11.46,H,L,C,-11.47,0.01
467,1VFB_467,H:R99W,-10.76,H,L,C,-11.47,0.71
468,1VFB_468,H:R99Y,-10.21,H,L,C,-11.47,1.26
469,1VFB_469,H:S28D,-11.47,H,L,C,-11.47,0
470,1VFB_470,H:S28E,-11.57,H,L,C,-11.47,-0.1
471,1VFB_471,H:S28N,-11.32,H,L,C,-11.47,0.15
472,1VFB_472,H:S28Q,-11.39,H,L,C,-11.47,0.08
473,1VFB_473,H:W52A,-10.57,H,L,C,-11.47,0.9
474,1VFB_474,H:Y101A,-7.47,H,L,C,-11.47,4
475,1VFB_475,H:Y101F,-9.87,H,L,C,-11.47,1.6
476,1VFB_476,H:Y32A,-10.37,H,L,C,-11.47,1.1
477,1VFB_477,H:Y32E,-9.56,H,L,C,-11.47,1.91
478,1VFB_478,L:L46D,-3.47,H,L,C,-11.47,8
479,1VFB_479,L:L46E,-3.47,H,L,C,-11.47,8
480,1VFB_480,L:N31W,-11.3,H,L,C,-11.47,0.17
481,1VFB_481,L:T52F,-11,H,L,C,-11.47,0.47
482,1VFB_482,L:T53R,-9.8,H,L,C,-11.47,1.67
483,1VFB_483,L:W92A,-8.17,H,L,C,-11.47,3.3
484,1VFB_484,L:Y32A,-9.77,H,L,C,-11.47,1.7
485,1VFB_485,L:Y32W,-3.47,H,L,C,-11.47,8
486,1VFB_486,L:Y50A,-10.97,H,L,C,-11.47,0.5
487,1VFB_487,L:Y50K,-9.8,H,L,C,-11.47,1.67
488,1VFB_488,L:Y50R,-10.62,H,L,C,-11.47,0.85
489,1YY9_489,"L:S26D,L:T31E,L:N93A",-13.11,H,L,A,-11.78,-1.33
490,1YY9_490,"L:S26D,L:T31E,L:N93A,H:N56A,H:T61E",-12.43,H,L,A,-11.78,-0.65
491,1YY9_491,"L:T31E,L:N93A",-12.6,H,L,A,-11.78,-0.82
492,1YY9_492,H:N56A,-11.84,H,L,A,-11.78,-0.06
493,1YY9_493,H:T61E,-11.84,H,L,A,-11.78,-0.06
494,1YY9_494,L:N93A,-12.52,H,L,A,-11.78,-0.74
495,1YY9_495,L:S26D,-11.98,H,L,A,-11.78,-0.2
496,1YY9_496,L:T31E,-12.3,H,L,A,-11.78,-0.52
497,2JEL_497,P:A82S,-11.49,H,L,P,-11.49,0
498,2JEL_498,P:D69E,-10.53,H,L,P,-11.49,0.96
499,2JEL_499,P:E5D,-11.08,H,L,P,-11.49,0.41
500,2JEL_500,P:E5Q,-10.77,H,L,P,-11.49,0.72
501,2JEL_501,P:E66K,-7.36,H,L,P,-11.49,4.13
502,2JEL_502,P:E68A,-11.08,H,L,P,-11.49,0.41
503,2JEL_503,P:E70A,-8.74,H,L,P,-11.49,2.75
504,2JEL_504,P:E70K,-7.36,H,L,P,-11.49,4.13
505,2JEL_505,P:E75R,-8.74,H,L,P,-11.49,2.75
506,2JEL_506,P:E83A,-11.49,H,L,P,-11.49,0
507,2JEL_507,P:E85A,-11.49,H,L,P,-11.49,0
508,2JEL_508,P:E85D,-11.49,H,L,P,-11.49,0
509,2JEL_509,P:E85K,-11.49,H,L,P,-11.49,0
510,2JEL_510,P:E85Q,-11.49,H,L,P,-11.49,0
511,2JEL_511,P:F2W,-8.85,H,L,P,-11.49,2.64
512,2JEL_512,P:F2Y,-11.49,H,L,P,-11.49,0
513,2JEL_513,P:H76A,-11.9,H,L,P,-11.49,-0.41
514,2JEL_514,P:H76D,-12.15,H,L,P,-11.49,-0.66
515,2JEL_515,P:K24E,-11.49,H,L,P,-11.49,0
516,2JEL_516,P:K27E,-11.49,H,L,P,-11.49,0
517,2JEL_517,P:K72E,-11.08,H,L,P,-11.49,0.41
518,2JEL_518,P:K72R,-11.49,H,L,P,-11.49,0
519,2JEL_519,P:K79E,-11.08,H,L,P,-11.49,0.41
520,2JEL_520,P:N12D,-11.49,H,L,P,-11.49,0
521,2JEL_521,P:N38T,-11.49,H,L,P,-11.49,0
522,2JEL_522,P:P11E,-11.49,H,L,P,-11.49,0
523,2JEL_523,P:Q3K,-7.36,H,L,P,-11.49,4.13
524,2JEL_524,P:Q4K,-10.11,H,L,P,-11.49,1.38
525,2JEL_525,P:Q57E,-11.9,H,L,P,-11.49,-0.41
526,2JEL_526,P:Q71E,-8.74,H,L,P,-11.49,2.75
527,2JEL_527,P:R17G,-11.49,H,L,P,-11.49,0
528,2JEL_528,P:R17K,-11.49,H,L,P,-11.49,0
529,2JEL_529,P:S41C,-9.98,H,L,P,-11.49,1.51
530,2JEL_530,P:S43C,-11.49,H,L,P,-11.49,0
531,2JEL_531,P:S46C,-11.49,H,L,P,-11.49,0
532,2JEL_532,P:S64T,-7.36,H,L,P,-11.49,4.13
533,2JEL_533,P:T34Q,-11.49,H,L,P,-11.49,0
534,2JEL_534,P:T36Q,-11.08,H,L,P,-11.49,0.41
535,2JEL_535,P:T62A,-11.49,H,L,P,-11.49,0
536,2JEL_536,P:T62N,-11.49,H,L,P,-11.49,0
537,2JEL_537,P:T7N,-11.08,H,L,P,-11.49,0.41
538,2JEL_538,P:T7S,-11.49,H,L,P,-11.49,0
539,2JEL_539,P:V6F,-11.49,H,L,P,-11.49,0
540,2NY7_540,"H:N31H,H:V33T,H:I34L",-10.83,H,L,G,-10.14,-0.69
541,2NY7_541,"H:N31H,H:V33T,H:I34V",-10.95,H,L,G,-10.14,-0.81
542,2NY7_542,"H:P97E,H:Y98W,H:S99G",-11.37,H,L,G,-10.14,-1.23
543,2NY7_543,"H:V33T,H:H35M",-10.71,H,L,G,-10.14,-0.57
544,2NY7_544,"H:V33T,H:I34V",-11.39,H,L,G,-10.14,-1.25
545,2NY7_545,"L:A93G,L:S95A",-10.52,H,L,G,-10.14,-0.38
546,2NY7_546,"L:A93W,L:S95Q",-11.61,H,L,G,-10.14,-1.47
547,2NY7_547,"L:V90K,L:A93D,L:S95F",-12.14,H,L,G,-10.14,-2
548,2NY7_548,"L:V90K,L:A93G,L:S94G,L:S95T",-12.07,H,L,G,-10.14,-1.93
549,2NY7_549,"L:V90L,L:A93R,L:S94G,L:S95N",-11.75,H,L,G,-10.14,-1.61
550,2NY7_550,"L:V90M,L:A93G,L:S94F,L:S95T",-11.5,H,L,G,-10.14,-1.36
551,2NY7_551,"L:V90M,L:A93G,L:S94R,L:S95D",-10.38,H,L,G,-10.14,-0.24
552,2NY7_552,"L:V90Q,L:A93D,L:S95L",-11.75,H,L,G,-10.14,-1.61
553,2NY7_553,"L:V90Q,L:A93W,L:S94P,L:S95F",-12.41,H,L,G,-10.14,-2.27
554,2NY7_554,"L:V90S,L:A93G,L:S94R,L:S95D",-11.66,H,L,G,-10.14,-1.52
555,2NY7_555,"L:V90T,L:A93R,L:S94G",-12.79,H,L,G,-10.14,-2.65
556,2NY7_556,"L:V90T,L:A93R,L:S94G,L:S95H",-12.85,H,L,G,-10.14,-2.71
557,2NY7_557,"L:V90T,L:A93R,L:S94G,L:S95I",-12.45,H,L,G,-10.14,-2.31
558,2NY7_558,"L:V90T,L:A93R,L:S94G,L:S95V",-11.12,H,L,G,-10.14,-0.98
559,2NY7_559,"L:V90T,L:A93W,L:S95G",-11.7,H,L,G,-10.14,-1.56
560,2NYY_560,A:D1058A,-15.71,H,L,A,-15.72,0.01
561,2NYY_561,A:D1062A,-13.19,H,L,A,-15.72,2.53
562,2NYY_562,A:E920A,-12.88,H,L,A,-15.72,2.84
563,2NYY_563,A:F917A,-15.3,H,L,A,-15.72,0.42
564,2NYY_564,A:F953A,-11.66,H,L,A,-15.72,4.06
565,2NYY_565,A:H1064A,-8.4,H,L,A,-15.72,7.32
566,2NYY_566,A:I956A,-15.73,H,L,A,-15.72,-0.01
567,2NYY_567,A:K1056A,-15.75,H,L,A,-15.72,-0.03
568,2NYY_568,A:K903A,-15.43,H,L,A,-15.72,0.29
569,2NYY_569,A:K923A,-15.86,H,L,A,-15.72,-0.14
570,2NYY_570,A:L919A,-13.13,H,L,A,-15.72,2.59
571,2NYY_571,A:N918A,-14.83,H,L,A,-15.72,0.89
572,2NYY_572,A:N954A,-15.62,H,L,A,-15.72,0.1
573,2NYY_573,A:Q915A,-15.2,H,L,A,-15.72,0.52
574,2NYY_574,A:R1061A,-14.9,H,L,A,-15.72,0.82
575,2NYY_575,A:R1294A,-15.42,H,L,A,-15.72,0.3
576,2NYY_576,A:S902A,-15.95,H,L,A,-15.72,-0.23
577,2NYY_577,A:S955A,-15.72,H,L,A,-15.72,0
578,2NYY_578,A:T1063A,-14.1,H,L,A,-15.72,1.62
579,2NYY_579,H:K30R,-15.65,H,L,A,-15.72,0.07
580,2NYY_580,H:M34Q,-15.78,H,L,A,-15.72,-0.06
581,2NYY_581,H:Y31D,-15.65,H,L,A,-15.72,0.07
582,2NYY_582,H:Y31Q,-15.59,H,L,A,-15.72,0.13
583,2NYY_583,H:Y57Q,-15.2,H,L,A,-15.72,0.52
584,2NYY_584,L:D30Y,-15.07,H,L,A,-15.72,0.65
585,2NYY_585,L:H34R,-15.62,H,L,A,-15.72,0.1
586,2NYY_586,L:S28Q,-15.3,H,L,A,-15.72,0.42
587,2NYY_587,L:S31N,-16.08,H,L,A,-15.72,-0.36
588,2NZ9_588,A:D1058A,-15.15,H,L,A,-15.12,-0.03
589,2NZ9_589,A:D1062A,-12.78,H,L,A,-15.12,2.34
590,2NZ9_590,A:E920A,-12.35,H,L,A,-15.12,2.77
591,2NZ9_591,A:F917A,-15.17,H,L,A,-15.12,-0.05
592,2NZ9_592,A:F953A,-11.78,H,L,A,-15.12,3.34
593,2NZ9_593,A:H1064A,-7.7,H,L,A,-15.12,7.42
594,2NZ9_594,A:I956A,-15.05,H,L,A,-15.12,0.07
595,2NZ9_595,A:K1056A,-15.13,H,L,A,-15.12,-0.01
596,2NZ9_596,A:K903A,-14.58,H,L,A,-15.12,0.54
597,2NZ9_597,A:K923A,-15.42,H,L,A,-15.12,-0.3
598,2NZ9_598,A:L919A,-12.84,H,L,A,-15.12,2.28
599,2NZ9_599,A:N918A,-12.96,H,L,A,-15.12,2.16
600,2NZ9_600,A:N954A,-15.27,H,L,A,-15.12,-0.15
601,2NZ9_601,A:Q915A,-15.02,H,L,A,-15.12,0.1
602,2NZ9_602,A:R1061A,-14.83,H,L,A,-15.12,0.29
603,2NZ9_603,A:R1294A,-14.73,H,L,A,-15.12,0.39
604,2NZ9_604,A:S902A,-15.24,H,L,A,-15.12,-0.12
605,2NZ9_605,A:S955A,-15.2,H,L,A,-15.12,-0.08
606,2NZ9_606,A:T1063A,-12.75,H,L,A,-15.12,2.37
607,3BDY_607,H:D31A,-8.69,H,L,V,-8.89,0.2
608,3BDY_608,H:D98A,-8.89,H,L,V,-8.89,0
609,3BDY_609,H:F100A,-8.19,H,L,V,-8.89,0.7
610,3BDY_610,H:G96A,-8.69,H,L,V,-8.89,0.2
611,3BDY_611,H:G97A,-8.99,H,L,V,-8.89,-0.1
612,3BDY_612,H:G99A,-8.09,H,L,V,-8.89,0.8
613,3BDY_613,H:K30A,-8.69,H,L,V,-8.89,0.2
614,3BDY_614,H:N54A,-9.09,H,L,V,-8.89,-0.2
615,3BDY_615,H:R50A,-9.19,H,L,V,-8.89,-0.3
616,3BDY_616,H:R58A,-9.09,H,L,V,-8.89,-0.2
617,3BDY_617,H:T32A,-9.29,H,L,V,-8.89,-0.4
618,3BDY_618,H:T53A,-9.39,H,L,V,-8.89,-0.5
619,3BDY_619,H:W95A,-6.89,H,L,V,-8.89,2
620,3BDY_620,H:Y33A,-8.59,H,L,V,-8.89,0.3
621,3BDY_621,H:Y52A,-8.49,H,L,V,-8.89,0.4
622,3BDY_622,H:Y56A,-8.69,H,L,V,-8.89,0.2
623,3BDY_623,L:G31A,-7.69,H,L,V,-8.89,1.2
624,3BDY_624,L:G51A,-7.89,H,L,V,-8.89,1
625,3BDY_625,L:H91A,-6.89,H,L,V,-8.89,2
626,3BDY_626,L:I29A,-8.09,H,L,V,-8.89,0.8
627,3BDY_627,L:S28A,-7.89,H,L,V,-8.89,1
628,3BDY_628,L:S30A,-7.59,H,L,V,-8.89,1.3
629,3BDY_629,L:S52A,-8.79,H,L,V,-8.89,0.1
630,3BDY_630,L:T93A,-9.19,H,L,V,-8.89,-0.3
631,3BDY_631,L:T94A,-8.89,H,L,V,-8.89,0
632,3BDY_632,L:W50A,-7.59,H,L,V,-8.89,1.3
633,3BDY_633,L:Y32A,-7.19,H,L,V,-8.89,1.7
634,3BDY_634,L:Y53A,-8.19,H,L,V,-8.89,0.7
635,3BDY_635,L:Y92A,-7.49,H,L,V,-8.89,1.4
636,3BE1_636,H:D31A,-9.94,H,L,A,-10.34,0.4
637,3BE1_637,H:D98A,-10.44,H,L,A,-10.34,-0.1
638,3BE1_638,H:F100A,-8.44,H,L,A,-10.34,1.9
639,3BE1_639,H:G96A,-10.24,H,L,A,-10.34,0.1
640,3BE1_640,H:G97A,-10.04,H,L,A,-10.34,0.3
641,3BE1_641,H:G99A,-8.54,H,L,A,-10.34,1.8
642,3BE1_642,H:K30A,-10.64,H,L,A,-10.34,-0.3
643,3BE1_643,H:N54A,-11.14,H,L,A,-10.34,-0.8
644,3BE1_644,H:R50A,-7.94,H,L,A,-10.34,2.4
645,3BE1_645,H:R58A,-7.84,H,L,A,-10.34,2.5
646,3BE1_646,H:T32A,-10.74,H,L,A,-10.34,-0.4
647,3BE1_647,H:T53A,-10.24,H,L,A,-10.34,0.1
648,3BE1_648,H:W95A,-8.54,H,L,A,-10.34,1.8
649,3BE1_649,H:Y33A,-7.94,H,L,A,-10.34,2.4
650,3BE1_650,H:Y52A,-11.14,H,L,A,-10.34,-0.8
651,3BE1_651,H:Y56A,-8.54,H,L,A,-10.34,1.8
652,3BE1_652,L:G31A,-10.04,H,L,A,-10.34,0.3
653,3BE1_653,L:G51A,-10.64,H,L,A,-10.34,-0.3
654,3BE1_654,L:H91A,-9.44,H,L,A,-10.34,0.9
655,3BE1_655,L:I29A,-9.44,H,L,A,-10.34,0.9
656,3BE1_656,L:S28A,-10.04,H,L,A,-10.34,0.3
657,3BE1_657,L:S30A,-10.54,H,L,A,-10.34,-0.2
658,3BE1_658,L:S52A,-10.04,H,L,A,-10.34,0.3
659,3BE1_659,L:T93A,-10.74,H,L,A,-10.34,-0.4
660,3BE1_660,L:T94A,-8.94,H,L,A,-10.34,1.4
661,3BE1_661,L:W50A,-8.94,H,L,A,-10.34,1.4
662,3BE1_662,L:Y32A,-11.14,H,L,A,-10.34,-0.8
663,3BE1_663,L:Y53A,-9.44,H,L,A,-10.34,0.9
664,3BE1_664,L:Y92A,-9.84,H,L,A,-10.34,0.5
665,3BN9_665,A:D217A,-14.31,H,L,A,-14.88,0.57
666,3BN9_666,A:D96A,-8.18,H,L,A,-14.88,6.7
667,3BN9_667,A:E169A,-14.51,H,L,A,-14.88,0.37
668,3BN9_668,A:F94A,-14.24,H,L,A,-14.88,0.64
669,3BN9_669,A:F97A,-8.18,H,L,A,-14.88,6.7
670,3BN9_670,A:H143A,-14.79,H,L,A,-14.88,0.09
671,3BN9_671,A:I41A,-14.88,H,L,A,-14.88,0
672,3BN9_672,A:I60A,-14.04,H,L,A,-14.88,0.84
673,3BN9_673,A:K224A,-14.09,H,L,A,-14.88,0.79
674,3BN9_674,A:L153A,-14.54,H,L,A,-14.88,0.34
675,3BN9_675,A:N95A,-14.11,H,L,A,-14.88,0.77
676,3BN9_676,A:Q145A,-14.75,H,L,A,-14.88,0.13
677,3BN9_677,A:Q174A,-14.91,H,L,A,-14.88,-0.03
678,3BN9_678,A:Q175A,-12.37,H,L,A,-14.88,2.51
679,3BN9_679,A:Q38A,-15.3,H,L,A,-14.88,-0.42
680,3BN9_680,A:R222A,-14.97,H,L,A,-14.88,-0.09
681,3BN9_681,A:R87A,-15.04,H,L,A,-14.88,-0.16
682,3BN9_682,A:T150A,-14.59,H,L,A,-14.88,0.29
683,3BN9_683,A:T98A,-13.75,H,L,A,-14.88,1.13
684,3BN9_684,A:Y146A,-13.79,H,L,A,-14.88,1.09
685,3BN9_685,H:P100H,-6.88,H,L,A,-14.88,8
686,3BN9_686,H:S30G,-13.52,H,L,A,-14.88,1.36
687,3BN9_687,H:S30N,-13.52,H,L,A,-14.88,1.36
688,3BN9_688,H:T28R,-14.58,H,L,A,-14.88,0.3
689,3BN9_689,H:T98Q,-14.88,H,L,A,-14.88,0
690,3BN9_690,H:T98R,-14.94,H,L,A,-14.88,-0.06
691,3BN9_691,H:Y99S,-14.47,H,L,A,-14.88,0.41
692,3HFM_692,"H:C95A,Y:K96A",-6.35,H,L,Y,-14.35,8
693,3HFM_693,"H:C95A,Y:K97A",-6.35,H,L,Y,-14.35,8
694,3HFM_694,"H:C95A,Y:Y20A",-6.35,H,L,Y,-14.35,8
695,3HFM_695,"H:C95F,Y:K96A",-6.35,H,L,Y,-14.35,8
696,3HFM_696,"H:C95F,Y:K97A",-6.35,H,L,Y,-14.35,8
697,3HFM_697,"H:C95F,Y:Y20A",-8.17,H,L,Y,-14.35,6.18
698,3HFM_698,"H:D32A,Y:K97A",-9.75,H,L,Y,-14.35,4.6
699,3HFM_699,"H:D32A,Y:K97M",-13.23,H,L,Y,-14.35,1.12
700,3HFM_700,"H:D32N,Y:K97A",-9.46,H,L,Y,-14.35,4.89
701,3HFM_701,"H:D32N,Y:K97M",-14.05,H,L,Y,-14.35,0.3
702,3HFM_702,"H:Y33A,Y:K96A",-6.35,H,L,Y,-14.35,8
703,3HFM_703,"H:Y33A,Y:K97A",-7.52,H,L,Y,-14.35,6.83
704,3HFM_704,"H:Y33A,Y:Y20A",-6.35,H,L,Y,-14.35,8
705,3HFM_705,"H:Y50A,Y:R21A",-6.35,H,L,Y,-14.35,8
706,3HFM_706,"L:Y50A,Y:R21A",-7.93,H,L,Y,-14.35,6.42
707,3HFM_707,"L:Y50F,Y:R21A",-10.02,H,L,Y,-14.35,4.33
708,3HFM_708,"L:Y50F,Y:Y20A",-8.17,H,L,Y,-14.35,6.18
709,3HFM_709,"L:Y96A,Y:R21A",-8.59,H,L,Y,-14.35,5.76
710,3HFM_710,"L:Y96F,Y:R21A",-10.16,H,L,Y,-14.35,4.19
711,3HFM_711,H:C95A,-8.83,H,L,Y,-14.35,5.52
712,3HFM_712,H:C95F,-11.1,H,L,Y,-14.35,3.25
713,3HFM_713,H:D32A,-12.45,H,L,Y,-14.35,1.9
714,3HFM_714,H:D32N,-14.18,H,L,Y,-14.35,0.17
715,3HFM_715,H:S31A,-14.18,H,L,Y,-14.35,0.17
716,3HFM_716,H:Y33A,-8.35,H,L,Y,-14.35,6
717,3HFM_717,L:N31A,-9.13,H,L,Y,-14.35,5.22
718,3HFM_718,L:N31D,-13.01,H,L,Y,-14.35,1.34
719,3HFM_719,L:N31E,-8.68,H,L,Y,-14.35,5.67
720,3HFM_720,L:N32A,-9.24,H,L,Y,-14.35,5.11
721,3HFM_721,L:Q53A,-13.4,H,L,Y,-14.35,0.95
722,3HFM_722,L:Y50A,-9.78,H,L,Y,-14.35,4.57
723,3HFM_723,L:Y50F,-11.99,H,L,Y,-14.35,2.36
724,3HFM_724,L:Y50L,-9.95,H,L,Y,-14.35,4.4
725,3HFM_725,L:Y96A,-11.64,H,L,Y,-14.35,2.71
726,3HFM_726,L:Y96F,-12.95,H,L,Y,-14.35,1.4
727,3HFM_727,Y:K96A,-7.52,H,L,Y,-14.35,6.83
728,3HFM_728,Y:K97A,-8.17,H,L,Y,-14.35,6.18
729,3HFM_729,Y:K97M,-13.26,H,L,Y,-14.35,1.09
730,3HFM_730,Y:R21A,-13.32,H,L,Y,-14.35,1.03
731,3HFM_731,Y:Y20A,-9.48,H,L,Y,-14.35,4.87
732,3NGB_732,"H:A56G,H:V57T,H:P62K,H:V73T",-9.21,H,L,G,-10.88,1.67
733,3NGB_733,"H:C32S,H:C98A",-10.62,H,L,G,-10.88,0.26
734,3NGB_734,"H:I30T,H:K52N,H:R53N,H:G54S,H:A56G,H:V57T,H:R61Q,H:P62K,H:V73T,H:Y74S,L:Y28S",-10.01,H,L,G,-10.88,0.87
735,3NGB_735,"H:T33Y,H:G55S,H:A56G,H:V57T,H:P62K,H:V73T,H:Y74S",-8.97,H,L,G,-10.88,1.91
736,3NGB_736,H:A56G,-10.94,H,L,G,-10.88,-0.06
737,3NGB_737,H:G54S,-10.15,H,L,G,-10.88,0.73
738,3NGB_738,H:I30T,-10.8,H,L,G,-10.88,0.08
739,3NGB_739,H:K52N,-10.7,H,L,G,-10.88,0.18
740,3NGB_740,H:P62K,-10.65,H,L,G,-10.88,0.23
741,3NGB_741,H:R53N,-10.83,H,L,G,-10.88,0.05
742,3NGB_742,H:R61Q,-10.78,H,L,G,-10.88,0.1
743,3NGB_743,H:T33Y,-10.8,H,L,G,-10.88,0.08
744,3NGB_744,H:V57T,-10.74,H,L,G,-10.88,0.14
745,3NGB_745,H:V73T,-10.72,H,L,G,-10.88,0.16
746,3NGB_746,H:Y74S,-10.55,H,L,G,-10.88,0.33
747,3NPS_747,A:D214A,-12.36,B,C,A,-13.84,1.48
748,3NPS_748,A:D46A,-13.5,B,C,A,-13.84,0.34
749,3NPS_749,A:D47A,-12.76,B,C,A,-13.84,1.08
750,3NPS_750,A:D91A,-12.32,B,C,A,-13.84,1.52
751,3NPS_751,A:E163A,-13.22,B,C,A,-13.84,0.62
752,3NPS_752,A:F50A,-13.62,B,C,A,-13.84,0.22
753,3NPS_753,A:F89A,-12.23,B,C,A,-13.84,1.61
754,3NPS_754,A:F92A,-13.37,B,C,A,-13.84,0.47
755,3NPS_755,A:H138A,-11.95,B,C,A,-13.84,1.89
756,3NPS_756,A:I26A,-13.19,B,C,A,-13.84,0.65
757,3NPS_757,A:I45A,-14.18,B,C,A,-13.84,-0.34
758,3NPS_758,A:K221A,-13.94,B,C,A,-13.84,-0.1
759,3NPS_759,A:L147A,-13.54,B,C,A,-13.84,0.3
760,3NPS_760,A:N90A,-13.58,B,C,A,-13.84,0.26
761,3NPS_761,A:Q140A,-13.54,B,C,A,-13.84,0.3
762,3NPS_762,A:Q168A,-13.9,B,C,A,-13.84,-0.06
763,3NPS_763,A:Q169A,-13.09,B,C,A,-13.84,0.75
764,3NPS_764,A:Q218A,-13.88,B,C,A,-13.84,-0.04
765,3NPS_765,A:Q23A,-13.81,B,C,A,-13.84,0.03
766,3NPS_766,A:R219A,-13.92,B,C,A,-13.84,-0.08
767,3NPS_767,A:R48A,-14.91,B,C,A,-13.84,-1.07
768,3NPS_768,A:R51A,-13.7,B,C,A,-13.84,0.14
769,3NPS_769,A:R82A,-13.99,B,C,A,-13.84,-0.15
770,3NPS_770,A:T144A,-13.66,B,C,A,-13.84,0.18
771,3NPS_771,A:T93A,-13.11,B,C,A,-13.84,0.73
772,3NPS_772,A:Y141A,-12.05,B,C,A,-13.84,1.79
773,3NPS_773,A:Y52A,-13.38,B,C,A,-13.84,0.46
